hostname,status,timestamp
11.241.165.172,Offline,2025-10-26 11:41:37
11.246.235.34,Offline,2025-10-26 11:41:37
12.507.281.91,Offline,2025-10-26 11:41:37
13.101.225.1,Offline,2025-10-26 11:41:37
14.88.54.74,Online,2025-10-26 11:41:37
15.1.38.99,Offline,2025-10-26 11:41:37
17.39.237.66,Offline,2025-10-26 11:41:37
18.87.103.138,Offline,2025-10-26 11:41:37
20.74.159.27,Offline,2025-10-26 11:41:37
21.230.193.149,Offline,2025-10-26 11:41:37
22.19.120.16,Offline,2025-10-26 11:41:37
23.188.208.57,Offline,2025-10-26 11:41:37
24.99.67.11,Offline,2025-10-26 11:41:37
25.132.8.204,Offline,2025-10-26 11:41:37
26.44.6.179,Offline,2025-10-26 11:41:37
27.153.202.84,Online,2025-10-26 11:41:37
28.170.211.242,Offline,2025-10-26 11:41:37
29.58.77.199,Offline,2025-10-26 11:41:37
30.211.66.42,Offline,2025-10-26 11:41:37
31.245.190.120,Offline,2025-10-26 11:41:37
32.4.137.213,Offline,2025-10-26 11:41:37
33.196.253.28,Offline,2025-10-26 11:41:37
34.12.209.83,Online,2025-10-26 11:41:37
35.254.182.140,Offline,2025-10-26 11:41:37
36.77.164.221,Online,2025-10-26 11:41:37
37.46.101.10,Offline,2025-10-26 11:41:37
38.123.5.87,Offline,2025-10-26 11:41:37
39.222.64.33,Offline,2025-10-26 11:41:37
40.150.18.201,Offline,2025-10-26 11:41:37
41.9.77.132,Offline,2025-10-26 11:41:37
42.181.239.4,Offline,2025-10-26 11:41:37
43.33.116.244,Offline,2025-10-26 11:41:37
44.88.231.173,Offline,2025-10-26 11:41:37
45.210.59.64,Offline,2025-10-26 11:41:37
46.71.195.205,Offline,2025-10-26 11:41:37
47.138.12.99,Offline,2025-10-26 11:41:37
48.211.144.220,Offline,2025-10-26 11:41:37
49.7.128.38,Offline,2025-10-26 11:41:37
50.189.21.150,Online,2025-10-26 11:41:37
51.96.74.214,Offline,2025-10-26 11:41:37
52.141.199.3,Offline,2025-10-26 11:41:37
53.64.253.177,Offline,2025-10-26 11:41:37
54.200.88.50,Online,2025-10-26 11:41:37
55.18.142.216,Offline,2025-10-26 11:41:37
56.83.14.95,Offline,2025-10-26 11:41:37
57.229.60.159,Offline,2025-10-26 11:41:37
58.134.192.72,Offline,2025-10-26 11:41:37
59.101.11.216,Offline,2025-10-26 11:41:37
60.212.47.141,Offline,2025-10-26 11:41:37
61.39.154.6,Offline,2025-10-26 11:41:37
62.177.92.183,Offline,2025-10-26 11:41:37
63.22.3.105,Offline,2025-10-26 11:41:37
64.143.200.56,Offline,2025-10-26 11:41:37
65.8.31.221,Online,2025-10-26 11:41:37
66.199.246.38,Offline,2025-10-26 11:41:37
67.120.77.250,Offline,2025-10-26 11:41:37
68.54.18.132,Online,2025-10-26 11:41:37
69.231.144.11,Offline,2025-10-26 11:41:37
70.41.203.168,Offline,2025-10-26 11:41:37
71.160.98.35,Offline,2025-10-26 11:41:37
72.27.213.189,Offline,2025-10-26 11:41:37
73.198.23.72,Online,2025-10-26 11:41:37
74.110.66.214,Offline,2025-10-26 11:41:37
75.9.151.182,Offline,2025-10-26 11:41:37
76.216.5.41,Offline,2025-10-26 11:41:37
77.144.200.249,Offline,2025-10-26 11:41:37
78.61.92.130,Offline,2025-10-26 11:41:37
79.188.173.9,Offline,2025-10-26 11:41:37
80.200.44.176,Online,2025-10-26 11:41:37
81.23.131.65,Offline,2025-10-26 11:41:37
82.158.78.214,Offline,2025-10-26 11:41:37
83.96.18.141,Offline,2025-10-26 11:41:37
84.213.147.10,Offline,2025-10-26 11:41:37
85.40.221.199,Offline,2025-10-26 11:41:37
86.159.82.52,Offline,2025-10-26 11:41:37
87.216.175.134,Offline,2025-10-26 11:41:37
88.2.189.71,Offline,2025-10-26 11:41:37
89.125.44.218,Offline,2025-10-26 11:41:37
90.67.199.37,Offline,2025-10-26 11:41:37
91.176.250.120,Online,2025-10-26 11:41:37
92.33.86.204,Offline,2025-10-26 11:41:37
93.144.9.51,Offline,2025-10-26 11:41:37
94.211.130.187,Offline,2025-10-26 11:41:37
95.56.77.240,Online,2025-10-26 11:41:37
96.128.12.59,Offline,2025-10-26 11:41:37
97.201.38.176,Offline,2025-10-26 11:41:37
98.74.221.94,Offline,2025-10-26 11:41:37
99.11.153.208,Offline,2025-10-26 11:41:37
100.210.143.12,Offline,2025-10-26 11:41:37
101.36.189.209,Offline,2025-10-26 11:41:37
102.147.8.50,Offline,2025-10-26 11:41:37
103.88.199.174,Online,2025-10-26 11:41:37
104.210.11.96,Offline,2025-10-26 11:41:37
105.57.248.163,Offline,2025-10-26 11:41:37
106.140.77.25,Offline,2025-10-26 11:41:37
107.232.112.198,Offline,2025-10-26 11:41:37
108.41.9.137,Online,2025-10-26 11:41:37
109.180.66.34,Offline,2025-10-26 11:41:37
110.23.191.120,Offline,2025-10-26 11:41:37
111.92.54.211,Offline,2025-10-26 11:41:37
112.167.233.84,Online,2025-10-26 11:41:37
113.48.200.16,Offline,2025-10-26 11:41:37
114.201.77.249,Online,2025-10-26 11:41:37
115.68.9.132,Offline,2025-10-26 11:41:37
116.153.240.55,Offline,2025-10-26 11:41:37
117.224.18.198,Offline,2025-10-26 11:41:37
118.39.111.71,Offline,2025-10-26 11:41:37
119.142.236.150,Offline,2025-10-26 11:41:37
120.99.44.11,Offline,2025-10-26 11:41:37
121.220.87.214,Offline,2025-10-26 11:41:37
122.36.158.99,Online,2025-10-26 11:41:37
123.181.212.6,Offline,2025-10-26 11:41:37
124.70.140.177,Offline,2025-10-26 11:41:37
125.159.33.240,Offline,2025-10-26 11:41:37
126.12.199.43,Offline,2025-10-26 11:41:37
128.175.66.210,Offline,2025-10-26 11:41:37
129.48.232.85,Offline,2025-10-26 11:41:37
130.213.14.157,Offline,2025-10-26 11:41:37
131.90.101.22,Offline,2025-10-26 11:41:37
132.209.178.189,Offline,2025-10-26 11:41:37
133.44.12.73,Offline,2025-10-26 11:41:37
134.186.251.140,Offline,2025-10-26 11:41:37
135.71.119.7,Offline,2025-10-26 11:41:37
136.128.199.196,Offline,2025-10-26 11:41:37
137.59.44.109,Offline,2025-10-26 11:41:37
138.220.88.234,Offline,2025-10-26 11:41:37
139.107.3.162,Offline,2025-10-26 11:41:37
140.190.64.41,Offline,2025-10-26 11:41:37
141.229.150.200,Offline,2025-10-26 11:41:37
142.60.11.83,Offline,2025-10-26 11:41:37
143.171.212.138,Offline,2025-10-26 11:41:37
144.98.45.29,Offline,2025-10-26 11:41:37
145.216.136.121,Offline,2025-10-26 11:41:37
146.43.199.56,Offline,2025-10-26 11:41:37
147.188.87.207,Offline,2025-10-26 11:41:37
148.79.14.98,Offline,2025-10-26 11:41:37
149.200.152.33,Offline,2025-10-26 11:41:37
150.13.221.180,Offline,2025-10-26 11:41:37
151.96.74.11,Offline,2025-10-26 11:41:37
152.211.143.153,Offline,2025-10-26 11:41:37
153.64.200.68,Offline,2025-10-26 11:41:37
154.141.35.221,Offline,2025-10-26 11:41:37
155.30.96.142,Offline,2025-10-26 11:41:37
156.203.18.59,Offline,2025-10-26 11:41:37
157.116.245.206,Offline,2025-10-26 11:41:37
158.77.63.115,Offline,2025-10-26 11:41:37
159.182.129.248,Offline,2025-10-26 11:41:37
160.51.14.91,Offline,2025-10-26 11:41:37
161.198.200.12,Offline,2025-10-26 11:41:37
162.80.34.177,Offline,2025-10-26 11:41:37
163.149.214.60,Offline,2025-10-26 11:41:37
164.38.181.233,Offline,2025-10-26 11:41:37
165.220.99.44,Offline,2025-10-26 11:41:37
166.107.58.189,Offline,2025-10-26 11:41:37
167.188.244.6,Offline,2025-10-26 11:41:37
168.43.129.152,Offline,2025-10-26 11:41:37
169.15.88.201,Offline,2025-10-26 11:41:37
170.234.46.72,Offline,2025-10-26 11:41:37
171.121.200.199,Offline,2025-10-26 11:41:37
172.235.66.8,Offline,2025-10-26 11:41:37
173.90.213.141,Online,2025-10-26 11:41:37
174.157.19.64,Offline,2025-10-26 11:41:37
175.208.88.228,Offline,2025-10-26 11:41:37
176.41.132.103,Offline,2025-10-26 11:41:37
177.200.151.22,Offline,2025-10-26 11:41:37
178.99.64.189,Offline,2025-10-26 11:41:37
179.144.18.77,Offline,2025-10-26 11:41:37
180.213.220.168,Offline,2025-10-26 11:41:37
181.74.52.33,Offline,2025-10-26 11:41:37
182.199.101.120,Offline,2025-10-26 11:41:37
183.36.248.209,Offline,2025-10-26 11:41:37
184.151.14.86,Offline,2025-10-26 11:41:37
185.62.200.173,Offline,2025-10-26 11:41:37
186.179.90.44,Offline,2025-10-26 11:41:37
187.100.212.201,Offline,2025-10-26 11:41:37
188.207.48.130,Online,2025-10-26 11:41:37
189.58.143.217,Offline,2025-10-26 11:41:37
190.129.76.12,Offline,2025-10-26 11:41:37
191.200.187.89,Offline,2025-10-26 11:41:37
192.5.24.210,Offline,2025-10-26 11:41:37
193.150.77.35,Online,2025-10-26 11:41:37
194.63.199.144,Offline,2025-10-26 11:41:37
195.208.12.51,Offline,2025-10-26 11:41:37
196.91.240.204,Offline,2025-10-26 11:41:37
197.146.56.121,Online,2025-10-26 11:41:37
198.57.133.10,Offline,2025-10-26 11:41:37
199.200.88.173,Offline,2025-10-26 11:41:37
200.99.12.240,Offline,2025-10-26 11:41:37
201.170.64.41,Online,2025-10-26 11:41:37
202.81.199.132,Offline,2025-10-26 11:41:37
203.58.144.215,Offline,2025-10-26 11:41:37
204.129.77.36,Offline,2025-10-26 11:41:37
205.200.18.189,Offline,2025-10-26 11:41:37
206.73.241.8,Offline,2025-10-26 11:41:37
207.186.90.152,Offline,2025-10-26 11:41:37
208.39.52.223,Offline,2025-10-26 11:41:37
209.120.199.64,Offline,2025-10-26 11:41:37
210.81.14.230,Offline,2025-10-26 11:41:37
211.172.88.101,Offline,2025-10-26 11:41:37
212.49.200.176,Offline,2025-10-26 11:41:37
213.198.45.19,Offline,2025-10-26 11:41:37
214.77.160.142,Offline,2025-10-26 11:41:37
215.200.18.67,Offline,2025-10-26 11:41:37
216.141.99.230,Offline,2025-10-26 11:41:37
217.58.44.105,Online,2025-10-26 11:41:37
218.160.200.12,Offline,2025-10-26 11:41:37
219.47.131.189,Offline,2025-10-26 11:41:37
220.200.78.34,Offline,2025-10-26 11:41:37
221.133.241.112,Offline,2025-10-26 11:41:37
222.57.199.220,Offline,2025-10-26 11:41:37
223.140.88.61,Offline,2025-10-26 11:41:37
11.174.201.208,Offline,2025-10-26 11:41:37
11.43.28.132,Offline,2025-10-26 11:41:37
12.215.91.44,Offline,2025-10-26 11:41:37
13.7.122.199,Offline,2025-10-26 11:41:37
14.119.34.240,Offline,2025-10-26 11:41:37
15.66.211.9,Offline,2025-10-26 11:41:37
17.204.88.141,Offline,2025-10-26 11:41:37
18.46.223.70,Offline,2025-10-26 11:41:37
20.143.58.210,Offline,2025-10-26 11:41:37
21.118.3.142,Offline,2025-10-26 11:41:37
22.205.76.61,Offline,2025-10-26 11:41:37
23.50.132.208,Online,2025-10-26 11:41:37
24.181.47.99,Online,2025-10-26 11:41:37
25.64.220.40,Offline,2025-10-26 11:41:37
26.131.190.174,Offline,2025-10-26 11:41:37
27.4.251.101,Online,2025-10-26 11:41:37
28.95.140.168,Offline,2025-10-26 11:41:37
29.180.13.28,Offline,2025-10-26 11:41:37
30.69.231.149,Offline,2025-10-26 11:41:37
31.128.17.206,Offline,2025-10-26 11:41:37
32.227.74.55,Offline,2025-10-26 11:41:37
33.12.191.218,Offline,2025-10-26 11:41:37
34.159.21.131,Offline,2025-10-26 11:41:37
35.44.200.8,Offline,2025-10-26 11:41:37
36.101.150.170,Offline,2025-10-26 11:41:37
37.224.98.41,Online,2025-10-26 11:41:37
38.139.205.112,Offline,2025-10-26 11:41:37
39.74.12.199,Online,2025-10-26 11:41:37
40.199.33.54,Offline,2025-10-26 11:41:37
41.60.141.227,Offline,2025-10-26 11:41:37
42.127.96.36,Offline,2025-10-26 11:41:37
43.212.49.149,Offline,2025-10-26 11:41:37
44.33.176.210,Offline,2025-10-26 11:41:37
45.140.88.73,Online,2025-10-26 11:41:37
46.9.205.16,Offline,2025-10-26 11:41:37
47.234.122.192,Offline,2025-10-26 11:41:37
48.99.44.121,Offline,2025-10-26 11:41:37
49.188.213.6,Offline,2025-10-26 11:41:37
50.47.160.181,Offline,2025-10-26 11:41:37
51.204.21.68,Offline,2025-10-26 11:41:37
52.107.142.229,Offline,2025-10-26 11:41:37
53.228.64.54,Offline,2025-10-26 11:41:37
54.33.186.141,Offline,2025-10-26 11:41:37
55.154.200.8,Offline,2025-10-26 11:41:37
56.211.69.199,Offline,2025-10-26 11:41:37
57.132.14.58,Offline,2025-10-26 11:41:37
58.201.76.140,Offline,2025-10-26 11:41:37
59.16.233.93,Online,2025-10-26 11:41:37
60.120.51.200,Online,2025-10-26 11:41:37
61.179.144.33,Online,2025-10-26 11:41:37
62.54.216.119,Offline,2025-10-26 11:41:37
63.199.8.52,Offline,2025-10-26 11:41:37
64.193.147.210,Offline,2025-10-26 11:41:37
65.78.220.17,Offline,2025-10-26 11:41:37
66.141.36.188,Offline,2025-10-26 11:41:37
67.224.95.61,Offline,2025-10-26 11:41:37
68.59.11.142,Online,2025-10-26 11:41:37
69.150.200.96,Offline,2025-10-26 11:41:37
70.228.43.179,Offline,2025-10-26 11:41:37
71.104.88.32,Online,2025-10-26 11:41:37
72.191.14.201,Online,2025-10-26 11:41:37
73.56.240.78,Online,2025-10-26 11:41:37
74.129.64.215,Online,2025-10-26 11:41:37
75.200.117.46,Offline,2025-10-26 11:41:37
76.39.152.131,Offline,2025-10-26 11:41:37
77.180.10.208,Offline,2025-10-26 11:41:37
78.223.91.59,Offline,2025-10-26 11:41:37
79.102.200.146,Offline,2025-10-26 11:41:37
80.153.44.19,Online,2025-10-26 11:41:37
81.224.118.220,Offline,2025-10-26 11:41:37
82.61.9.101,Offline,2025-10-26 11:41:37
83.188.142.180,Offline,2025-10-26 11:41:37
84.99.221.44,Offline,2025-10-26 11:41:37
85.210.73.157,Online,2025-10-26 11:41:37
86.55.140.238,Offline,2025-10-26 11:41:37
87.144.200.67,Offline,2025-10-26 11:41:37
88.233.50.190,Offline,2025-10-26 11:41:37
89.104.119.25,Offline,2025-10-26 11:41:37
90.187.40.132,Offline,2025-10-26 11:41:37
91.58.213.199,Offline,2025-10-26 11:41:37
92.141.76.84,Offline,2025-10-26 11:41:37
93.200.9.171,Offline,2025-10-26 11:41:37
94.67.150.12,Offline,2025-10-26 11:41:37
95.220.181.99,Offline,2025-10-26 11:41:37
96.41.142.204,Online,2025-10-26 11:41:37
97.184.63.58,Offline,2025-10-26 11:41:37
98.131.200.221,Offline,2025-10-26 11:41:37
99.214.16.66,Offline,2025-10-26 11:41:37
100.45.121.139,Offline,2025-10-26 11:41:37
101.158.200.40,Offline,2025-10-26 11:41:37
102.71.87.201,Offline,2025-10-26 11:41:37
103.241.44.118,Offline,2025-10-26 11:41:37
104.120.199.5,Offline,2025-10-26 11:41:37
105.33.240.162,Offline,2025-10-26 11:41:37
106.186.14.77,Offline,2025-10-26 11:41:37
107.101.88.210,Offline,2025-10-26 11:41:37
108.234.221.37,Offline,2025-10-26 11:41:37
109.12.199.96,Offline,2025-10-26 11:41:37
110.189.64.215,Offline,2025-10-26 11:41:37
111.44.127.18,Offline,2025-10-26 11:41:37
112.116.233.149,Offline,2025-10-26 11:41:37
113.201.40.72,Offline,2025-10-26 11:41:37
114.58.190.221,Offline,2025-10-26 11:41:37
115.199.12.86,Offline,2025-10-26 11:41:37
116.66.148.137,Offline,2025-10-26 11:41:37
117.153.214.32,Offline,2025-10-26 11:41:37
118.228.77.198,Offline,2025-10-26 11:41:37
119.41.99.59,Offline,2025-10-26 11:41:37
120.172.220.130,Offline,2025-10-26 11:41:37
121.33.188.215,Offline,2025-10-26 11:41:37
122.210.72.44,Offline,2025-10-26 11:41:37
123.68.150.199,Offline,2025-10-26 11:41:37
124.141.18.86,Offline,2025-10-26 11:41:37
125.200.233.147,Offline,2025-10-26 11:41:37
126.59.100.12,Offline,2025-10-26 11:41:37
128.214.7.199,Offline,2025-10-26 11:41:37
129.95.160.84,Offline,2025-10-26 11:41:37
130.186.244.213,Offline,2025-10-26 11:41:37
131.47.120.36,Offline,2025-10-26 11:41:37
132.158.201.101,Offline,2025-10-26 11:41:37
133.29.144.56,Offline,2025-10-26 11:41:37
134.200.67.189,Offline,2025-10-26 11:41:37
135.116.8.72,Offline,2025-10-26 11:41:37
136.231.190.153,Offline,2025-10-26 11:41:37
137.54.83.28,Offline,2025-10-26 11:41:37
138.149.221.120,Offline,2025-10-26 11:41:37
139.200.16.211,Offline,2025-10-26 11:41:37
140.73.88.44,Offline,2025-10-26 11:41:37
141.162.240.199,Offline,2025-10-26 11:41:37
142.39.108.86,Offline,2025-10-26 11:41:37
143.200.53.157,Offline,2025-10-26 11:41:37
144.58.226.20,Offline,2025-10-26 11:41:37
145.199.101.133,Offline,2025-10-26 11:41:37
146.62.8.210,Offline,2025-10-26 11:41:37
147.173.44.69,Offline,2025-10-26 11:41:37
148.214.188.142,Offline,2025-10-26 11:41:37
149.97.200.31,Offline,2025-10-26 11:41:37
150.224.8.190,Offline,2025-10-26 11:41:37
151.35.142.55,Offline,2025-10-26 11:41:37
152.208.199.164,Offline,2025-10-26 11:41:37
153.120.67.9,Offline,2025-10-26 11:41:37
154.201.24.220,Offline,2025-10-26 11:41:37
155.44.192.111,Offline,2025-10-26 11:41:37
156.131.88.46,Offline,2025-10-26 11:41:37
157.200.16.173,Offline,2025-10-26 11:41:37
158.71.240.88,Offline,2025-10-26 11:41:37
159.48.199.201,Online,2025-10-26 11:41:37
160.213.12.60,Offline,2025-10-26 11:41:37
161.54.176.149,Offline,2025-10-26 11:41:37
162.199.99.22,Offline,2025-10-26 11:41:37
163.82.214.187,Offline,2025-10-26 11:41:37
164.141.53.40,Offline,2025-10-26 11:41:37
165.60.200.119,Offline,2025-10-26 11:41:37
166.221.88.206,Offline,2025-10-26 11:41:37
167.104.16.73,Offline,2025-10-26 11:41:37
168.189.240.152,Offline,2025-10-26 11:41:37
169.33.99.8,Offline,2025-10-26 11:41:37
170.200.11.229,Offline,2025-10-26 11:41:37
171.48.132.62,Offline,2025-10-26 11:41:37
172.208.99.186,Offline,2025-10-26 11:41:37
173.127.204.9,Offline,2025-10-26 11:41:37
174.200.44.152,Offline,2025-10-26 11:41:37
175.33.118.221,Offline,2025-10-26 11:41:37
176.151.60.44,Offline,2025-10-26 11:41:37
177.199.88.131,Offline,2025-10-26 11:41:37
178.40.210.56,Online,2025-10-26 11:41:37
179.231.16.205,Offline,2025-10-26 11:41:37
180.110.77.94,Offline,2025-10-26 11:41:37
181.200.9.160,Offline,2025-10-26 11:41:37
182.91.44.217,Offline,2025-10-26 11:41:37
183.150.116.80,Offline,2025-10-26 11:41:37
184.63.200.159,Offline,2025-10-26 11:41:37
185.120.34.46,Offline,2025-10-26 11:41:37
186.201.88.221,Offline,2025-10-26 11:41:37
187.44.199.100,Online,2025-10-26 11:41:37
188.130.72.179,Offline,2025-10-26 11:41:37
189.210.15.64,Offline,2025-10-26 11:41:37
190.57.142.201,Offline,2025-10-26 11:41:37
191.146.200.32,Offline,2025-10-26 11:41:37
192.78.19.176,Offline,2025-10-26 11:41:37
193.200.101.9,Offline,2025-10-26 11:41:37
194.65.88.214,Offline,2025-10-26 11:41:37
195.124.240.48,Offline,2025-10-26 11:41:37
196.210.142.187,Offline,2025-10-26 11:41:37
197.57.12.60,Offline,2025-10-26 11:41:37
198.140.199.221,Offline,2025-10-26 11:41:37
199.44.88.102,Offline,2025-10-26 11:41:37
200.153.210.169,Offline,2025-10-26 11:41:37
201.44.99.12,Offline,2025-10-26 11:41:37
202.231.14.204,Offline,2025-10-26 11:41:37
203.120.68.33,Offline,2025-10-26 11:41:37
204.85.200.176,Offline,2025-10-26 11:41:37
205.62.14.89,Offline,2025-10-26 11:41:37
206.199.88.240,Offline,2025-10-26 11:41:37
207.43.160.51,Offline,2025-10-26 11:41:37
208.150.214.199,Offline,2025-10-26 11:41:37
209.88.33.72,Offline,2025-10-26 11:41:37
210.239.144.215,Offline,2025-10-26 11:41:37
211.56.200.40,Offline,2025-10-26 11:41:37
212.133.88.189,Offline,2025-10-26 11:41:37
213.44.16.64,Offline,2025-10-26 11:41:37
214.201.99.218,Offline,2025-10-26 11:41:37
215.88.12.35,Offline,2025-10-26 11:41:37
216.199.140.120,Offline,2025-10-26 11:41:37
217.12.74.201,Offline,2025-10-26 11:41:37
218.231.100.56,Offline,2025-10-26 11:41:37
219.120.33.189,Offline,2025-10-26 11:41:37
220.45.76.8,Offline,2025-10-26 11:41:37
221.200.142.133,Offline,2025-10-26 11:41:37
222.14.88.60,Offline,2025-10-26 11:41:37
223.199.11.197,Offline,2025-10-26 11:41:37
